dyad,role,gender_identity_1_00,predictedValue,malePercentage,femalePercentage
46,1,NA,female,2.931222788947056,97.06877721105295
46,-1,1,female,0.40701377687486867,99.59298622312512