dyad,role,gender_identity_1_00,predictedValue,malePercentage,femalePercentage
46,1,NA,female,4.7425875365417065,95.2574124634583
46,-1,1,female,0.6692851410316465,99.33071485896835